id,season,city,date,team1,team2,toss_winner,toss_decision,result,dl_applied,winner,win_by_runs,win_by_wickets,player_of_match,venue,umpire1,umpire2,umpire3
1,2017,14,67,14,12,13,1,1,0,14,35,0,261,34,6,35,5
2,2017,28,84,7,10,11,1,1,0,11,0,7,225,25,1,50,5
3,2017,30,100,2,4,5,1,1,0,5,0,10,37,38,39,16,5
4,2017,15,123,11,8,9,1,1,0,9,0,6,68,16,3,14,5
5,2017,2,123,13,1,13,0,1,0,13,15,0,109,21,22,50,5
6,2017,14,143,2,13,14,1,1,0,14,0,9,197,34,0,35,5
7,2017,24,143,5,6,7,1,1,0,7,0,4,162,47,39,16,5
8,2017,15,163,13,8,13,0,1,0,9,0,8,20,16,3,14,5
9,2017,28,187,1,10,11,1,1,0,1,97,0,230,25,6,50,5
10,2017,24,208,14,6,7,1,1,0,7,0,4,93,47,39,16,5
11,2017,21,230,9,4,5,1,1,0,5,0,8,224,10,0,35,5
12,2017,2,252,13,6,7,1,1,0,7,0,4,102,21,31,4,5
13,2017,30,252,11,2,2,1,1,0,2,0,7,17,38,1,50,5
14,2017,21,274,5,13,14,1,1,0,5,17,0,194,10,6,35,5
15,2017,10,274,1,8,1,0,1,0,1,51,0,40,12,60,39,5
16,2017,24,297,2,6,7,1,1,0,7,0,6,162,47,1,50,5
17,2017,2,297,11,12,13,1,1,0,11,27,0,32,21,31,14,5
18,2017,10,320,1,4,1,0,1,0,5,0,4,163,12,39,16,5
19,2017,14,320,14,8,9,1,1,0,14,5,0,28,34,6,0,5
20,2017,30,344,13,2,2,1,1,0,13,21,0,38,38,49,63,5
21,2017,14,366,14,1,14,0,1,0,14,15,0,112,34,17,35,5
22,2017,15,392,9,6,7,1,1,0,7,0,8,87,16,33,14,5
23,2017,21,414,5,2,2,1,1,0,2,0,4,217,10,17,39,5
24,2017,24,434,7,1,1,1,1,0,7,14,0,140,47,1,50,5
25,2017,28,434,14,10,11,1,1,0,11,0,6,150,25,6,0,5
26,2017,30,456,9,2,2,1,1,0,9,26,0,72,38,3,33,5
27,2017,21,456,5,12,13,1,1,0,5,82,0,163,10,17,16,5
28,2017,24,478,11,6,7,1,1,0,11,3,0,32,47,1,50,5
29,2017,28,523,11,4,5,1,1,0,5,0,7,194,25,6,35,5
30,2017,2,538,13,2,2,1,1,0,2,0,7,17,21,3,14,5
31,2017,21,559,1,4,5,1,1,0,5,0,7,63,10,36,50,5
32,2017,7,559,14,8,9,1,1,0,14,26,0,197,32,39,16,5
33,2017,28,576,11,12,13,1,1,0,11,61,0,119,25,31,33,5
34,2017,30,576,2,6,2,0,2,0,7,0,0,105,38,3,15,5
35,2017,7,594,1,8,9,1,1,0,9,0,10,233,32,60,16,5
36,2017,14,594,14,4,5,1,1,0,14,48,0,45,34,6,50,5
37,2017,24,10,13,6,13,0,1,0,7,0,5,189,47,3,15,5
38,2017,28,10,2,10,11,1,1,0,11,0,5,32,25,33,14,5
39,2017,10,27,14,1,1,1,1,0,1,0,6,157,12,60,39,5
40,2017,21,43,5,10,11,1,1,0,11,0,4,187,10,31,1,5
41,2017,10,61,2,1,1,1,1,0,1,0,7,192,12,33,39,5
42,2017,2,77,9,12,13,1,1,0,9,19,0,233,21,17,14,5
43,2017,14,95,11,13,14,1,1,0,11,12,0,89,34,31,4,5
44,2017,10,95,7,1,1,1,1,0,7,146,0,121,12,39,16,5
45,2017,2,114,13,4,5,1,1,0,5,0,6,224,21,6,14,5
46,2017,7,114,9,2,2,1,1,0,2,0,6,55,32,1,63,5
47,2017,14,134,7,13,7,0,1,0,14,0,7,204,34,31,33,5
48,2017,7,155,9,4,5,1,1,0,9,14,0,145,32,1,50,5
49,2017,18,177,2,1,1,1,1,0,1,0,2,228,14,60,4,5
50,2017,24,199,9,6,7,1,1,0,9,7,0,254,47,0,1,5
51,2017,10,220,1,10,1,0,1,0,1,7,0,107,12,31,16,5
52,2017,18,242,2,13,14,1,1,0,14,0,8,158,14,3,39,5
53,2017,21,242,7,4,5,1,1,0,7,9,0,23,10,1,50,5
54,2017,28,265,9,10,11,1,1,0,11,0,9,89,25,6,0,5
55,2017,10,265,13,1,13,0,1,0,13,10,0,73,12,18,14,5
56,2017,24,309,11,6,7,1,1,0,11,20,0,256,47,49,14,5
57,2017,2,332,14,4,5,1,1,1,5,0,7,163,21,3,39,5
58,2017,2,380,5,6,7,1,1,0,7,0,6,113,21,36,39,5
59,2017,14,423,7,10,7,0,1,0,7,1,0,105,34,36,50,5
60,2008,2,335,5,12,13,1,1,0,5,140,0,33,21,10,44,5
61,2008,7,357,0,8,0,0,1,0,0,33,0,136,33,34,56,5
62,2008,10,357,10,1,10,0,1,0,1,0,9,137,12,7,19,5
63,2008,24,384,7,12,7,0,1,0,13,0,5,152,47,51,18,5
64,2008,21,384,14,4,14,0,1,0,5,0,5,49,10,11,27,5
65,2008,16,405,9,9,9,0,1,0,10,0,6,227,39,7,43,5
66,2008,14,425,14,1,14,0,1,0,1,0,9,251,34,23,6,5
67,2008,8,448,0,6,7,1,1,0,0,6,0,143,24,20,19,5
68,2008,14,469,14,9,10,1,1,0,10,0,3,258,34,10,34,5
69,2008,7,493,9,6,7,1,1,0,9,66,0,103,33,7,6,5
70,2008,2,515,13,9,10,1,1,0,10,0,7,227,21,34,22,5
71,2008,8,515,5,0,5,0,1,0,0,0,9,90,24,11,7,5
72,2008,24,530,7,13,14,1,1,0,14,0,10,11,7,10,56,5
73,2008,7,530,1,8,1,0,1,0,9,0,4,221,33,43,21,5
74,2008,2,551,0,12,0,0,1,0,0,13,0,150,21,14,43,5
75,2008,21,568,5,6,5,0,1,0,7,0,7,229,10,11,7,5
76,2008,10,586,1,12,13,1,1,0,1,10,0,65,12,7,21,5
77,2008,14,3,14,8,9,1,1,0,9,0,7,216,34,14,43,5
78,2008,16,3,10,4,10,0,1,0,10,45,0,211,39,43,19,5
79,2008,8,19,0,1,0,0,1,0,1,0,8,251,24,11,27,5
80,2008,14,505,14,12,14,0,1,0,13,0,5,185,34,10,44,5
81,2008,7,35,9,4,9,0,1,0,9,9,0,78,33,20,21,5
82,2008,24,53,7,1,1,1,1,0,7,29,0,222,7,23,44,5
83,2008,16,53,0,9,0,0,1,0,10,0,8,241,39,10,7,5
84,2008,2,69,13,8,9,1,1,0,9,0,6,210,21,51,12,5
85,2008,8,87,0,13,14,1,1,0,14,0,7,11,24,34,43,5
86,2008,24,106,10,6,7,1,1,0,7,0,7,4,7,20,44,5
87,2008,10,126,1,0,0,1,1,0,0,0,4,150,12,7,43,5
88,2008,21,126,5,12,5,0,1,0,5,5,0,215,10,10,22,5
89,2008,16,147,14,9,10,1,1,0,10,0,8,258,39,34,6,5
90,2008,2,563,13,6,7,1,1,0,7,0,9,43,21,11,7,5
91,2008,8,169,0,8,9,1,1,0,0,18,0,117,24,5,10,5
92,2008,14,191,5,13,5,0,1,0,5,23,0,215,34,23,6,5
93,2008,16,191,1,9,10,1,1,0,10,0,3,227,39,51,44,5
94,2008,7,212,13,8,13,0,1,0,9,0,9,216,33,14,21,5
95,2008,21,234,5,1,5,0,1,0,5,23,0,238,10,10,22,5
96,2008,24,257,0,6,7,1,1,0,7,0,9,229,47,14,6,5
97,2008,7,563,9,9,10,1,1,0,9,41,0,216,33,51,27,5
98,2008,10,278,1,13,14,1,1,0,1,12,0,3,12,12,19,5
99,2008,24,302,5,6,7,1,1,0,7,0,8,222,47,14,18,5
100,2008,10,325,1,8,1,0,1,1,9,6,0,54,12,5,44,5
101,2008,16,325,10,12,13,1,1,0,10,65,0,64,39,11,56,5
102,2008,14,347,7,13,14,1,1,0,7,25,0,47,34,14,18,5
103,2008,21,347,5,0,5,0,1,1,0,3,0,128,10,10,27,5
104,2008,2,372,13,1,1,1,1,0,1,0,5,223,21,51,19,5
105,2008,21,395,5,9,10,1,1,0,10,0,6,258,10,12,44,5
106,2008,24,417,9,6,7,1,1,0,9,1,0,216,47,11,19,5
107,2008,8,417,13,0,13,0,1,0,13,14,0,2,24,20,21,5
108,2008,7,460,14,8,9,1,1,0,9,0,6,216,33,10,53,5
109,2008,10,482,7,1,1,1,1,0,1,0,5,104,12,11,27,5
110,2008,8,482,10,0,10,0,1,0,10,10,0,86,24,20,56,5
111,2008,2,35,13,13,14,1,1,0,13,3,0,166,21,14,56,5
112,2008,21,505,9,4,9,0,1,0,5,0,3,249,10,51,21,5
113,2008,16,526,7,9,10,1,1,0,10,0,5,241,39,11,27,5
114,2008,14,542,14,0,14,0,1,0,0,0,7,217,34,12,6,5
115,2008,24,598,10,1,1,1,1,0,10,105,0,227,47,11,44,5
116,2008,24,605,9,0,9,0,1,0,0,0,9,128,47,10,18,5
117,2008,24,14,0,9,10,1,1,0,10,0,3,258,7,11,44,5
118,2009,5,336,7,0,0,1,1,0,7,19,0,226,30,14,27,5
119,2009,5,336,13,9,13,0,1,0,13,75,0,182,30,14,43,5
120,2009,5,358,9,1,1,1,1,1,1,0,10,52,30,34,52,5
121,2009,5,358,5,13,5,0,1,0,14,0,8,191,30,34,12,5
122,2009,27,385,0,12,0,0,1,0,0,92,0,127,43,12,54,5
123,2009,12,406,9,4,5,1,1,1,5,11,0,38,19,20,52,5
124,2009,5,426,14,12,14,0,1,0,14,24,0,11,30,33,6,5
125,2009,12,449,1,0,1,0,1,0,1,9,0,10,19,14,54,5
126,2009,5,449,10,4,5,1,2,0,10,0,0,258,30,34,33,5
127,2009,12,470,13,8,13,0,1,0,9,0,7,193,19,14,60,5
128,2009,12,494,14,6,14,0,1,0,14,12,0,174,19,22,54,5
129,2009,27,516,13,1,13,0,1,0,1,0,6,246,43,47,10,5
130,2009,5,516,9,9,9,0,1,0,9,27,0,103,30,33,27,5
131,2009,12,531,0,13,14,1,1,0,14,0,6,70,19,23,60,5
132,2009,27,531,7,4,7,0,1,0,7,92,0,226,43,12,43,5
133,2009,6,552,1,9,1,0,1,0,10,0,5,258,45,21,44,5
134,2009,12,569,5,12,5,0,1,0,13,0,5,152,19,34,60,5
135,2009,12,569,9,6,9,0,1,0,9,3,0,103,19,34,56,5
136,2009,6,587,14,1,1,1,1,0,1,0,6,53,45,21,6,5
137,2009,6,587,0,9,10,1,1,0,0,38,0,217,45,21,44,5
138,2009,13,4,7,4,7,0,1,0,7,9,0,95,3,33,55,5
139,2009,12,4,13,8,13,0,1,0,13,8,0,261,19,22,50,5
140,2009,27,20,14,9,14,0,1,0,10,0,3,258,43,47,10,5
141,2009,17,20,0,1,1,1,1,0,0,18,0,213,29,20,44,5
142,2009,27,36,5,8,5,0,1,0,9,0,6,54,43,47,34,5
143,2009,17,36,7,12,7,0,1,0,13,0,9,92,29,43,60,5
144,2009,13,54,0,13,0,0,1,0,0,78,0,150,3,14,33,5
145,2009,12,70,10,8,9,1,1,0,10,78,0,64,19,55,22,5
146,2009,12,70,5,1,5,0,1,0,1,0,9,63,19,21,22,5
147,2009,6,88,14,6,14,0,1,0,14,19,0,189,45,34,20,5
148,2009,6,107,13,9,10,1,1,0,10,0,7,5,45,29,18,5
149,2009,6,107,0,8,0,0,1,1,0,12,0,143,45,20,60,5
150,2009,13,127,7,1,7,0,1,0,1,0,7,4,3,33,55,5
151,2009,19,148,14,8,9,1,1,0,9,0,3,54,6,21,6,5
152,2009,19,148,10,0,10,0,1,0,0,0,7,202,6,21,20,5
153,2009,27,170,7,12,7,0,1,0,7,16,0,95,43,14,10,5
154,2009,17,170,5,1,1,1,1,0,1,0,7,3,29,54,43,5
155,2009,19,192,14,9,14,0,1,0,14,53,0,55,6,21,20,5
156,2009,6,213,5,12,13,1,1,0,13,0,6,123,45,33,57,5
157,2009,6,213,9,6,9,0,1,0,7,0,8,74,45,55,44,5
158,2009,12,235,1,13,14,1,1,0,1,12,0,181,19,20,56,5
159,2009,12,258,0,12,0,0,1,0,13,0,2,123,19,14,18,5
160,2009,12,258,10,6,10,0,1,0,10,2,0,219,19,14,18,5
161,2009,4,279,1,8,9,1,1,0,9,0,6,29,31,22,22,5
162,2009,27,303,7,0,7,0,1,0,0,0,7,143,43,53,54,5
163,2009,17,303,5,13,14,1,1,0,14,0,6,189,29,43,50,5
164,2009,17,326,9,13,14,1,1,0,9,1,0,261,29,49,43,5
165,2009,4,326,1,9,1,0,1,0,1,14,0,10,31,55,22,5
166,2009,6,348,0,4,0,0,1,0,5,0,7,35,45,52,43,5
167,2009,17,373,1,12,1,0,1,0,13,0,7,92,29,23,43,5
168,2009,12,396,10,4,5,1,1,0,5,0,4,122,19,12,54,5
169,2009,12,396,0,8,0,0,1,0,0,24,0,127,19,12,54,5
170,2009,6,418,7,1,1,1,1,0,1,0,4,251,45,23,50,5
171,2009,6,418,13,13,13,0,1,0,13,12,0,141,45,23,50,5
172,2009,6,438,1,13,14,1,1,0,14,0,6,11,45,14,18,5
173,2009,17,461,0,12,13,1,1,0,13,0,6,141,29,43,54,5
174,2009,17,483,14,12,13,1,1,0,14,6,0,2,29,43,54,5
175,2010,24,201,5,13,14,1,1,0,5,11,0,14,7,43,43,5
176,2010,24,223,7,9,7,0,1,0,7,4,0,258,2,43,43,5
177,2010,7,223,9,1,1,1,1,0,1,0,5,63,33,14,50,5
178,2010,21,245,13,4,5,1,1,0,5,0,7,142,10,22,6,5
179,2010,8,245,14,0,14,0,1,0,14,31,0,255,24,29,18,5
180,2010,1,267,10,1,1,1,1,0,1,0,6,251,37,12,44,5
181,2010,2,289,9,12,9,0,1,0,13,0,8,92,21,48,18,5
182,2010,21,289,0,4,0,0,1,0,0,55,0,150,10,22,6,5
183,2010,10,312,7,1,1,1,1,0,7,98,0,226,12,14,55,5
184,2010,2,334,10,12,13,1,1,0,13,0,10,92,21,29,18,5
185,2010,10,356,1,0,1,0,1,0,0,0,5,143,12,14,55,5
186,2010,9,356,14,8,9,1,1,0,14,6,0,6,1,11,33,5
187,2010,1,383,10,4,10,0,1,0,10,34,0,8,37,43,43,5
188,2010,24,383,7,12,7,0,1,0,13,0,7,92,2,22,57,5
189,2010,9,404,14,1,14,0,1,0,14,10,0,6,1,11,33,5
190,2010,8,404,9,0,0,1,2,0,9,0,0,85,24,29,18,5
191,2010,24,424,5,6,5,0,1,0,7,0,7,226,2,55,54,5
192,2010,2,446,13,0,0,1,1,0,13,36,0,194,21,43,43,5
193,2010,7,466,10,8,9,1,1,0,10,31,0,12,33,14,55,5
194,2010,24,491,0,6,7,1,1,0,7,0,5,226,2,11,6,5
195,2010,1,512,14,9,14,0,1,0,10,0,8,258,37,22,54,5
196,2010,7,528,5,8,5,0,1,0,5,39,0,142,33,14,50,5
197,2010,2,491,1,12,13,1,1,0,1,17,0,109,21,12,44,5
198,2010,1,548,10,0,10,0,1,0,10,17,0,164,37,55,54,5
199,2010,24,548,7,13,14,1,1,0,7,41,0,74,7,48,27,5
200,2010,10,566,1,4,1,0,1,0,1,40,0,45,12,55,54,5
201,2010,24,584,9,6,7,1,1,0,7,0,4,220,2,14,55,5
202,2010,8,600,13,0,13,0,1,0,0,0,5,130,24,12,44,5
203,2010,10,600,1,9,1,0,1,0,1,67,0,104,12,22,54,5
204,2010,21,0,5,13,5,0,1,0,5,24,0,215,10,29,18,5
205,2010,7,16,9,12,9,0,1,0,13,0,6,111,33,11,33,5
206,2010,8,31,0,9,0,0,1,0,0,23,0,130,24,43,43,5
207,2010,24,31,7,13,7,0,1,0,7,63,0,23,2,14,50,5
208,2010,21,47,5,8,5,0,1,0,9,0,8,54,10,47,18,5
209,2010,10,47,1,12,1,0,1,0,1,37,0,172,12,11,33,5
210,2010,25,64,10,13,10,0,1,0,10,2,0,219,46,22,54,5
211,2010,8,81,0,6,0,0,1,0,0,24,0,217,24,47,18,5
212,2010,16,97,9,9,9,0,1,0,10,0,9,139,39,49,55,5
213,2010,21,97,5,1,5,0,1,0,5,14,0,215,10,12,44,5
214,2010,2,118,13,13,14,1,1,0,14,0,7,245,21,47,18,5
215,2010,7,137,7,8,7,0,1,0,9,0,6,103,33,33,6,5
216,2010,25,157,0,13,0,0,1,0,14,0,6,190,46,22,54,5
217,2010,2,157,5,12,13,1,1,0,13,0,7,185,21,29,18,5
218,2010,10,181,1,8,1,0,1,0,9,0,7,173,12,11,6,5
219,2010,16,181,7,9,10,1,1,0,7,37,0,226,39,14,55,5
220,2010,25,202,14,12,13,1,1,0,14,13,0,76,46,43,43,5
221,2010,24,224,7,1,7,0,1,0,7,39,0,102,2,47,18,5
222,2010,8,224,5,0,5,0,1,0,0,0,9,180,24,55,54,5
223,2010,16,246,10,12,10,0,1,0,13,0,5,111,39,14,50,5
224,2010,8,268,0,1,0,0,1,0,1,0,6,63,24,22,57,5
225,2010,11,290,9,13,14,1,1,0,14,0,5,189,15,33,6,5
226,2010,2,313,7,12,13,1,1,0,7,57,0,183,21,22,54,5
227,2010,21,313,10,4,10,0,1,0,5,0,8,89,10,12,43,5
228,2010,11,337,9,0,0,1,1,0,0,0,6,150,15,11,6,5
229,2010,10,337,14,1,14,0,1,0,14,11,0,6,12,14,55,5
230,2010,21,359,7,4,7,0,1,0,5,0,9,125,10,12,44,5
231,2010,24,407,7,12,7,0,1,0,7,35,0,102,7,14,43,5
232,2010,24,427,0,13,0,0,1,0,0,38,0,46,7,14,43,5
233,2010,24,471,14,12,14,0,1,0,13,0,9,2,7,43,54,5
234,2010,24,495,0,6,0,0,1,0,0,22,0,217,7,43,54,5
235,2011,8,119,0,4,0,0,1,0,0,2,0,200,24,14,42,5
236,2011,14,138,14,9,10,1,1,0,10,0,8,218,34,43,55,5
237,2011,20,138,4,12,4,0,1,0,13,0,6,10,28,22,27,5
238,2011,10,158,1,6,1,0,1,0,7,0,8,220,12,4,43,5
239,2011,24,158,9,7,9,0,1,0,8,0,7,214,7,14,42,5
240,2011,21,182,5,13,5,0,1,0,5,9,0,92,10,43,55,5
241,2011,16,203,1,9,1,0,1,0,10,0,6,219,39,7,43,5
242,2011,2,203,13,6,7,1,1,0,7,0,9,226,21,22,5,5
243,2011,7,225,0,8,9,1,1,0,9,0,6,171,33,10,56,5
244,2011,24,225,4,7,4,0,1,0,8,0,4,135,7,47,42,5
245,2011,14,247,14,12,13,1,1,0,14,33,0,56,34,43,50,5
246,2011,16,269,10,4,5,1,1,0,5,0,9,63,39,7,57,5
247,2011,24,269,7,3,4,1,1,0,4,0,8,33,47,14,42,5
248,2011,8,291,0,12,0,0,1,0,0,21,0,136,24,22,5,5
249,2011,14,291,14,8,9,1,1,0,9,0,8,171,34,43,50,5
250,2011,24,314,8,1,1,1,1,0,1,0,3,261,7,10,6,5
251,2011,21,314,10,4,5,1,1,0,5,0,8,117,10,7,43,5
252,2011,20,338,0,3,4,1,1,1,4,0,7,33,28,29,5,5
253,2011,10,360,14,1,14,0,1,0,14,16,0,209,12,42,45,5
254,2011,24,386,8,6,8,0,1,0,7,0,7,144,47,10,6,5
255,2011,21,386,4,4,5,1,1,0,4,6,0,54,10,7,43,5
256,2011,7,408,9,9,10,1,1,0,9,48,0,216,33,47,42,5
257,2011,24,428,7,0,0,1,1,0,7,8,0,74,47,10,6,5
258,2011,21,428,5,12,13,1,1,0,13,0,9,38,10,55,43,5
259,2011,10,450,1,8,9,1,1,0,1,29,0,45,12,47,44,5
260,2011,14,472,7,13,14,1,1,0,7,37,0,220,34,22,5,5
261,2011,16,472,4,9,10,1,1,0,10,0,8,219,39,14,55,5
262,2011,8,496,0,7,8,1,1,0,0,25,0,136,24,7,43,5
263,2011,10,517,1,12,13,1,1,0,13,0,3,250,12,47,45,5
264,2011,24,532,8,0,8,0,1,0,0,0,8,46,7,10,56,5
265,2011,20,532,14,3,4,1,1,0,14,55,0,77,28,22,5,5
266,2011,10,553,5,1,1,1,1,0,5,17,0,142,12,42,45,5
267,2011,16,570,7,9,10,1,1,0,10,0,7,84,39,10,55,5
268,2011,2,570,13,7,8,1,1,0,13,26,0,250,21,7,57,5
269,2011,20,588,1,3,1,0,1,0,1,38,0,251,28,22,5,5
270,2011,21,588,9,4,5,1,1,0,5,0,8,80,10,4,56,5
271,2011,16,5,8,9,10,1,1,0,10,0,6,123,39,53,54,5
272,2011,8,5,0,13,0,0,1,0,0,19,0,86,24,7,43,5
273,2011,24,21,7,8,9,1,1,0,7,23,0,102,47,22,42,5
274,2011,10,21,1,3,4,1,1,0,4,0,7,168,12,10,56,5
275,2011,14,37,5,13,14,1,1,0,5,20,0,258,34,47,45,5
276,2011,8,55,10,0,10,0,1,0,0,0,8,136,24,55,43,5
277,2011,24,55,7,7,8,1,1,0,7,21,0,184,7,22,54,5
278,2011,20,71,4,4,5,1,1,0,4,17,0,35,28,49,45,5
279,2011,14,71,14,1,1,1,1,0,1,0,4,251,34,10,6,5
280,2011,2,89,13,8,9,1,1,0,13,85,0,38,21,7,43,5
281,2011,21,108,0,4,0,0,1,1,5,10,0,80,10,10,42,5
282,2011,24,108,7,1,1,1,1,0,7,32,0,23,47,29,54,5
283,2011,2,128,4,12,4,0,1,0,13,0,9,38,21,7,57,5
284,2011,7,128,9,7,9,0,1,0,8,0,5,184,33,53,45,5
285,2011,16,149,0,9,10,1,1,0,0,63,0,130,39,29,54,5
286,2011,14,171,14,7,14,0,1,0,8,0,6,148,34,10,6,5
287,2011,7,171,9,6,7,1,1,0,9,76,0,31,33,53,45,5
288,2011,16,193,10,12,13,1,1,0,13,0,9,201,39,22,27,5
289,2011,8,214,0,1,0,0,1,0,0,18,0,150,24,4,56,5
290,2011,15,236,4,8,9,1,1,0,9,0,6,104,16,47,45,5
291,2011,2,259,5,12,13,1,1,1,13,0,4,38,21,43,43,5
292,2011,24,259,14,6,14,0,1,0,14,10,0,3,47,49,55,5
293,2011,11,280,9,1,1,1,1,0,9,29,0,173,15,10,56,5
294,2011,15,280,10,3,4,1,1,0,4,0,8,35,16,42,45,5
295,2011,24,304,8,13,14,1,1,0,14,0,6,3,7,49,55,5
296,2011,11,327,9,12,9,0,1,0,9,111,0,11,15,10,6,5
297,2011,8,349,0,3,0,0,1,0,0,11,0,254,24,22,44,5
298,2011,24,374,8,4,5,1,1,0,5,0,7,258,7,49,54,5
299,2011,24,397,7,9,7,0,1,0,10,0,10,227,47,43,42,5
300,2011,11,419,14,8,9,1,1,0,14,82,0,204,15,10,6,5
301,2011,10,419,1,7,1,0,0,0,7,0,0,38,12,55,45,5
302,2011,2,439,0,12,13,1,1,0,13,0,8,38,21,29,44,5
303,2011,21,439,5,6,7,1,1,0,7,0,5,91,10,53,54,5
304,2011,24,484,13,0,0,1,1,0,0,0,6,217,47,10,54,5
305,2011,24,506,5,6,7,1,1,0,7,0,4,144,47,10,54,5
306,2011,8,543,13,6,7,1,1,0,13,43,0,38,24,10,54,5
307,2011,8,564,0,12,0,0,1,0,0,58,0,130,24,10,54,5
308,2012,8,48,0,6,7,1,1,0,7,0,8,188,24,26,54,5
309,2012,21,65,5,1,1,1,1,0,1,0,8,78,10,47,20,5
310,2012,24,82,8,6,7,1,1,0,8,28,0,225,47,3,54,5
311,2012,16,82,10,8,9,1,1,0,10,31,0,18,39,11,55,5
312,2012,2,98,13,1,1,1,1,0,13,20,0,10,21,47,50,5
313,2012,33,98,0,13,14,1,1,0,0,74,0,186,8,26,20,5
314,2012,16,120,10,4,5,1,1,0,10,22,0,35,39,11,62,5
315,2012,28,120,8,8,8,0,1,0,8,22,0,146,44,48,54,5
316,2012,33,139,14,6,14,0,1,0,7,0,5,189,8,3,24,5
317,2012,2,159,5,12,13,1,1,0,5,42,0,117,21,49,45,5
318,2012,10,159,0,1,1,1,1,0,1,0,8,126,12,10,55,5
319,2012,24,183,7,9,10,1,1,0,7,27,0,102,47,7,11,5
320,2012,8,204,13,0,13,0,1,0,0,0,5,61,24,22,45,5
321,2012,7,204,8,8,9,1,1,0,9,0,7,13,33,58,55,5
322,2012,21,226,10,4,10,0,1,0,5,0,5,235,10,10,48,5
323,2012,10,361,14,1,14,0,1,0,1,0,5,111,12,11,55,5
324,2012,28,248,0,7,0,0,1,0,8,0,7,88,44,7,11,5
325,2012,21,270,9,4,5,1,1,0,9,2,0,224,10,10,48,5
326,2012,2,270,10,12,10,0,1,0,10,59,0,18,21,26,45,5
327,2012,24,292,7,1,1,1,1,0,1,0,7,208,47,11,55,5
328,2012,16,315,14,9,14,0,1,0,10,0,5,35,39,7,11,5
329,2012,2,315,8,12,8,0,1,0,13,0,6,38,21,47,49,5
330,2012,7,339,9,4,9,0,1,0,5,0,8,63,33,26,45,5
331,2012,14,172,14,1,14,0,1,0,1,0,9,45,34,26,54,5
332,2012,8,361,0,7,8,1,1,0,0,13,0,110,24,10,49,5
333,2012,7,387,9,12,13,1,1,0,13,0,5,38,33,49,45,5
334,2012,8,409,10,0,10,0,1,0,0,0,7,61,24,7,11,5
335,2012,10,409,8,1,1,1,1,0,8,20,0,215,12,10,49,5
336,2012,24,429,7,8,7,0,1,0,9,0,6,216,47,49,45,5
337,2012,9,429,14,4,5,1,1,0,5,0,5,29,1,11,55,5
338,2012,16,451,13,9,10,1,1,0,13,46,0,10,39,10,48,5
339,2012,28,473,8,1,8,0,1,0,1,0,8,251,44,49,45,5
340,2012,7,497,9,6,9,0,1,0,7,0,4,23,33,7,11,5
341,2012,28,518,14,7,14,0,1,0,14,18,0,41,44,49,45,5
342,2012,10,533,1,6,7,1,1,0,1,37,0,251,12,7,11,5
343,2012,8,554,9,0,9,0,1,0,9,7,0,153,24,11,55,5
344,2012,21,554,5,12,5,0,1,0,5,47,0,63,10,10,12,5
345,2012,10,571,1,9,1,0,1,0,1,1,0,251,12,49,45,5
346,2012,24,571,14,6,7,1,1,0,7,0,5,56,47,3,11,5
347,2012,8,589,0,4,0,0,1,0,5,0,5,63,24,11,14,5
348,2012,9,6,14,7,14,0,1,0,14,13,0,103,1,7,4,5
349,2012,16,6,10,1,10,0,1,0,1,0,6,167,39,26,54,5
350,2012,2,22,13,8,9,1,1,0,9,0,4,27,21,11,14,5
351,2012,28,38,7,7,7,0,1,0,7,1,0,220,44,10,48,5
352,2012,8,56,0,13,0,0,1,0,0,10,0,217,24,22,11,5
353,2012,21,72,5,7,5,0,1,0,5,7,0,224,10,11,55,5
354,2012,7,72,10,8,10,0,1,0,10,43,0,227,33,26,54,5
355,2012,24,90,0,6,7,1,1,0,7,0,2,55,47,10,48,5
356,2012,2,90,14,12,13,1,1,0,13,0,5,10,21,22,11,5
357,2012,10,109,1,4,1,0,1,0,5,0,6,92,12,26,50,5
358,2012,28,129,8,9,8,0,1,0,10,0,7,227,44,10,12,5
359,2012,14,129,9,13,14,1,1,0,9,25,0,153,34,22,11,5
360,2012,24,150,7,12,13,1,1,0,13,0,9,38,47,11,62,5
361,2012,16,172,10,0,0,1,1,0,0,0,4,36,39,13,14,5
362,2012,28,194,13,7,8,1,1,0,13,35,0,38,44,11,55,5
363,2012,21,215,7,4,7,0,1,0,7,27,0,189,10,49,54,5
364,2012,8,215,1,0,0,1,1,0,0,0,9,36,24,48,12,5
365,2012,16,237,10,7,10,0,1,0,10,45,0,0,39,11,55,5
366,2012,7,237,14,8,14,0,1,0,9,0,4,49,33,22,11,5
367,2012,2,260,13,6,7,1,1,0,7,0,5,23,21,48,12,5
368,2012,21,260,5,0,0,1,1,0,0,0,5,136,10,26,54,5
369,2012,10,281,9,1,9,0,1,0,1,0,5,248,12,22,11,5
370,2012,24,305,5,6,7,1,1,0,5,32,0,224,47,48,12,5
371,2012,11,328,0,8,9,1,1,0,9,0,6,11,15,58,55,5
372,2012,10,328,13,1,1,1,1,0,13,21,0,38,12,22,14,5
373,2012,14,350,10,13,10,0,1,0,14,0,5,56,34,49,54,5
374,2012,11,375,9,1,1,1,1,0,1,0,6,248,15,11,62,5
375,2012,28,375,5,7,5,0,1,0,5,34,0,235,44,47,12,5
376,2012,14,398,14,12,13,1,1,0,14,9,0,56,34,49,54,5
377,2012,16,398,10,6,10,0,1,0,7,0,10,55,39,22,14,5
378,2012,28,440,5,1,5,0,1,0,5,18,0,258,44,14,54,5
379,2012,2,462,0,6,7,1,1,0,0,38,0,150,21,11,20,5
380,2012,8,507,0,1,1,1,1,0,0,86,0,130,24,14,54,5
381,2012,8,544,0,4,0,0,1,0,5,0,5,149,24,11,54,5
382,2013,21,32,1,4,5,1,1,0,5,0,6,224,10,49,54,5
383,2013,2,49,13,6,7,1,1,0,13,2,0,38,21,58,14,5
384,2013,14,66,14,7,8,1,1,0,14,22,0,3,34,49,54,5
385,2013,10,83,10,1,10,0,1,0,10,5,0,182,12,48,14,5
386,2013,8,83,7,0,7,0,1,0,7,9,0,102,24,33,62,5
387,2013,28,99,8,8,8,0,1,0,9,0,8,131,44,47,54,5
388,2013,14,99,13,13,13,0,2,0,14,0,0,66,34,3,50,5
389,2013,16,121,10,4,5,1,1,0,10,19,0,218,39,7,49,5
390,2013,24,140,7,1,7,0,1,0,7,44,0,104,47,33,62,5
391,2013,7,160,9,0,0,1,1,0,0,0,10,136,33,7,14,5
392,2013,2,184,5,12,13,1,1,0,13,0,8,38,21,10,4,5
393,2013,28,184,10,7,10,0,1,0,8,0,7,16,44,33,28,5
394,2013,10,205,1,13,1,0,1,0,14,0,3,3,12,7,58,5
395,2013,24,227,7,7,7,0,1,0,7,41,0,189,47,49,54,5
396,2013,8,227,13,0,0,1,1,0,0,0,4,186,24,10,4,5
397,2013,21,249,5,13,5,0,1,0,5,48,0,63,10,33,62,5
398,2013,16,249,9,9,10,1,1,0,10,0,6,96,39,7,14,5
399,2013,8,271,8,0,8,0,1,0,8,24,0,225,24,10,4,5
400,2013,7,293,9,4,5,1,1,0,9,4,0,151,33,18,54,5
401,2013,2,293,1,12,13,1,2,0,13,0,0,250,21,33,62,5
402,2013,28,316,14,7,8,1,1,0,14,11,0,3,44,10,4,5
403,2013,16,316,10,6,10,0,1,0,10,87,0,18,39,7,14,5
404,2013,10,340,0,1,0,0,1,0,0,86,0,136,12,33,62,5
405,2013,14,362,9,13,9,0,1,0,14,0,5,66,34,22,16,5
406,2013,21,388,5,0,5,0,1,0,0,0,4,186,10,10,4,5
407,2013,2,388,10,12,13,1,1,0,13,0,7,185,21,7,14,5
408,2013,10,410,7,1,7,0,1,0,1,0,9,251,12,22,50,5
409,2013,7,410,8,8,9,1,1,0,9,0,7,44,33,33,28,5
410,2013,8,430,10,0,10,0,1,0,0,0,5,136,24,47,4,5
411,2013,2,452,13,7,8,1,1,0,13,130,0,38,21,7,14,5
412,2013,11,306,9,1,1,1,1,0,9,7,0,44,15,22,50,5
413,2013,21,474,5,6,5,0,1,0,7,0,5,55,10,22,50,5
414,2013,8,498,14,0,14,0,1,0,0,0,5,150,24,7,49,5
415,2013,21,519,9,4,9,0,1,0,5,0,6,92,10,18,50,5
416,2013,16,534,14,9,14,0,1,0,10,0,8,96,39,58,28,5
417,2013,24,534,7,12,7,0,1,0,7,58,0,55,47,10,48,5
418,2013,8,555,0,4,5,1,1,0,0,14,0,136,24,7,54,5
419,2013,29,555,1,7,8,1,1,0,1,15,0,45,40,18,50,5
420,2013,16,572,13,9,10,1,1,0,10,0,4,230,39,33,28,5
421,2013,24,572,7,8,7,0,1,0,7,4,0,189,47,10,4,5
422,2013,28,590,0,7,0,0,1,0,0,37,0,150,44,48,54,5
423,2013,14,7,7,13,7,0,1,0,14,0,7,77,34,10,48,5
424,2013,29,7,5,1,5,0,1,0,1,0,7,45,40,22,16,5
425,2013,8,23,0,8,0,0,1,0,0,15,0,217,24,33,62,5
426,2013,28,23,13,7,13,0,1,0,13,17,0,10,44,7,14,5
427,2013,21,39,10,4,10,0,1,0,5,0,8,258,10,22,16,5
428,2013,14,57,1,13,1,0,1,0,14,0,6,50,34,10,48,5
429,2013,2,261,13,8,9,1,1,0,9,0,7,11,21,22,50,5
430,2013,24,73,7,0,7,0,1,0,7,60,0,138,47,22,16,5
431,2013,16,73,8,9,8,0,1,0,10,0,5,18,39,16,45,5
432,2013,2,140,14,12,14,0,1,0,13,0,7,250,21,49,54,5
433,2013,16,110,1,9,1,0,1,0,10,0,9,18,39,7,45,5
434,2013,24,110,7,4,7,0,1,0,7,65,0,226,47,22,50,5
435,2013,14,130,0,13,14,1,1,0,0,77,0,217,34,48,35,5
436,2013,7,151,9,9,10,1,1,0,10,0,8,106,33,22,50,5
437,2013,28,151,5,7,5,0,1,0,5,46,0,63,44,10,48,5
438,2013,10,173,13,1,1,1,1,0,13,4,0,89,12,36,28,5
439,2013,28,195,8,6,8,0,1,0,7,0,5,138,44,10,4,5
440,2013,7,195,14,8,9,1,1,0,14,30,0,170,33,48,45,5
441,2013,31,216,13,4,5,1,1,0,5,0,5,92,18,36,28,5
442,2013,16,216,0,9,10,1,1,0,10,0,5,227,39,22,16,5
443,2013,10,452,1,8,9,1,1,0,9,0,5,76,12,58,28,5
444,2013,24,238,14,6,14,0,1,0,7,0,7,102,47,3,54,5
445,2013,31,282,8,4,5,1,1,0,8,7,0,141,18,36,28,5
446,2013,8,261,0,1,0,0,1,0,0,33,0,150,24,16,45,5
447,2013,24,282,7,9,10,1,1,0,7,14,0,19,47,10,48,5
448,2013,7,91,13,8,9,1,1,0,9,0,6,44,33,58,35,5
449,2013,14,329,14,9,14,0,1,0,14,23,0,3,34,10,4,5
450,2013,11,351,9,6,7,1,1,0,9,50,0,27,15,22,16,5
451,2013,28,376,8,1,8,0,1,0,8,38,0,120,44,36,54,5
452,2013,2,351,13,0,0,1,1,0,13,24,0,250,21,16,45,5
453,2013,14,376,5,13,5,0,1,0,14,0,5,170,34,10,48,5
454,2013,10,420,0,6,0,0,1,0,0,48,0,136,12,36,45,5
455,2013,10,441,14,9,14,0,1,0,10,0,4,35,12,49,45,5
456,2013,21,485,10,6,10,0,1,0,7,0,4,74,10,16,54,5
457,2013,21,527,7,0,7,0,1,0,7,23,0,102,10,22,54,5
458,2014,0,294,5,6,5,0,1,0,5,41,0,92,42,33,46,5
459,2014,32,317,1,12,13,1,1,0,13,0,8,259,41,7,50,5
460,2014,0,341,0,8,0,0,1,0,9,0,6,68,42,44,14,5
461,2014,0,341,14,9,10,1,1,0,10,0,4,18,42,11,46,5
462,2014,24,363,7,12,13,1,1,0,13,0,7,170,9,7,4,5
463,2014,24,363,5,1,5,0,1,0,1,0,4,95,9,7,62,5
464,2014,32,389,10,8,9,1,1,0,9,0,7,68,41,11,33,5
465,2014,0,411,0,1,0,0,1,0,0,93,0,217,42,44,14,5
466,2014,32,431,9,13,14,1,1,0,9,72,0,68,41,33,50,5
467,2014,24,453,0,9,10,1,1,0,0,7,0,186,9,22,46,5
468,2014,32,475,5,12,13,1,1,0,5,2,0,37,41,7,62,5
469,2014,24,499,14,1,14,0,1,0,14,4,0,16,9,33,50,5
470,2014,24,499,7,0,7,0,1,0,0,0,7,145,9,11,33,5
471,2014,0,520,13,9,10,1,1,0,10,0,6,175,42,22,14,5
472,2014,0,520,9,4,5,1,1,0,9,23,0,233,42,22,46,5
473,2014,32,535,7,1,7,0,1,0,1,0,6,130,41,7,62,5
474,2014,32,535,14,0,14,0,1,0,0,0,5,55,41,3,62,5
475,2014,24,556,13,8,9,1,1,0,9,0,5,233,9,11,50,5
476,2014,0,573,10,4,10,0,2,0,10,0,0,96,42,7,4,5
477,2014,24,591,14,6,7,1,1,0,14,15,0,28,9,22,33,5
478,2014,31,24,0,4,0,0,1,0,0,34,0,186,18,3,35,5
479,2014,24,40,9,6,9,0,1,0,7,0,5,40,47,13,14,5
480,2014,10,40,1,9,10,1,1,0,10,0,7,107,12,55,50,5
481,2014,2,58,14,12,13,1,1,0,13,0,4,10,21,22,62,5
482,2014,1,74,10,4,5,1,1,0,10,10,0,175,37,36,16,5
483,2014,10,74,1,0,0,1,1,0,0,0,8,55,12,45,11,5
484,2014,24,92,7,12,13,1,1,0,7,19,0,189,47,49,28,5
485,2014,10,111,1,4,1,0,1,0,5,0,8,63,12,13,14,5
486,2014,9,111,9,0,0,1,1,0,9,44,0,68,1,22,41,5
487,2014,1,131,14,9,10,1,1,0,14,32,0,28,37,3,35,5
488,2014,2,152,9,12,13,1,1,0,9,32,0,233,21,49,28,5
489,2014,10,174,1,13,14,1,1,1,14,0,8,56,12,45,11,5
490,2014,24,174,7,0,0,1,1,0,0,0,4,55,47,22,62,5
491,2014,9,196,9,4,5,1,1,0,5,0,9,63,1,36,16,5
492,2014,2,196,13,9,13,0,1,0,10,0,5,96,21,49,45,5
493,2014,14,217,14,6,14,0,1,0,7,0,7,23,34,22,62,5
494,2014,31,239,10,0,10,0,1,0,0,0,5,186,18,13,14,5
495,2014,2,239,13,1,1,1,1,0,13,16,0,261,21,30,45,5
496,2014,14,262,14,8,9,1,1,0,9,0,6,254,34,58,41,5
497,2014,9,262,7,4,5,1,1,0,5,0,6,194,1,3,35,5
498,2014,1,283,10,1,1,1,1,0,10,62,0,18,37,49,45,5
499,2014,31,352,0,12,0,0,1,0,13,0,5,10,18,13,14,5
500,2014,14,352,14,4,14,0,1,0,5,0,7,248,34,36,16,5
501,2014,1,377,7,9,7,0,1,0,7,25,0,136,37,49,45,5
502,2014,10,377,1,8,9,1,1,0,9,0,4,20,12,22,41,5
503,2014,14,399,13,13,13,0,1,0,14,0,7,45,34,3,35,5
504,2014,21,399,0,4,5,1,1,0,5,0,8,194,10,45,14,5
505,2014,7,421,9,6,7,1,1,0,7,0,7,121,33,22,62,5
506,2014,21,442,5,12,13,1,1,0,5,30,0,194,10,3,16,5
507,2014,31,442,0,13,14,1,1,0,14,0,6,45,18,13,14,5
508,2014,24,463,7,1,1,1,1,0,7,15,0,136,47,49,45,5
509,2014,7,463,9,9,10,1,1,0,9,16,0,216,33,22,41,5
510,2014,2,486,13,0,0,1,1,0,0,0,8,150,21,3,35,5
511,2014,21,486,14,4,5,1,1,0,5,0,4,258,10,45,11,5
512,2014,7,508,1,8,9,1,1,0,9,0,7,131,33,22,62,5
513,2014,24,508,10,6,7,1,1,0,7,0,5,40,47,30,45,5
514,2014,21,545,5,8,9,1,1,0,5,28,0,248,10,36,50,5
515,2014,24,565,7,0,0,1,1,0,0,0,7,217,2,58,11,5
516,2014,24,599,9,0,0,1,1,0,9,24,0,251,47,22,45,5
517,2014,2,15,9,4,5,1,1,0,5,0,3,141,21,22,11,5
518,2015,21,122,7,4,5,1,1,0,5,0,7,126,10,49,14,5
519,2015,8,141,0,1,1,1,1,0,0,1,0,4,24,44,62,5
520,2015,28,161,10,8,9,1,1,0,10,26,0,96,25,50,15,5
521,2015,8,185,0,13,0,0,1,0,0,45,0,33,24,44,62,5
522,2015,21,185,5,12,13,1,1,0,13,0,3,38,10,49,14,5
523,2015,10,206,1,9,10,1,1,0,10,0,3,48,12,50,15,5
524,2015,24,206,9,6,7,1,1,0,9,18,0,67,47,3,29,5
525,2015,2,228,13,13,14,1,1,0,14,0,8,45,21,45,46,5
526,2015,1,250,7,9,7,0,1,0,10,0,7,225,37,3,51,5
527,2015,21,592,0,4,5,1,1,0,5,0,7,15,10,3,33,5
528,2015,28,272,9,1,9,0,1,0,1,0,5,132,25,17,28,5
529,2015,33,295,14,9,10,1,1,0,10,0,6,18,8,41,50,5
530,2015,24,318,7,0,7,0,1,0,0,0,6,4,47,3,33,5
531,2015,33,342,1,13,1,0,1,0,1,4,0,95,8,41,50,5
532,2015,28,342,9,4,5,1,1,0,5,0,4,15,25,50,16,5
533,2015,1,364,0,9,0,0,1,0,10,0,8,18,37,3,33,5
534,2015,2,364,7,12,13,1,1,0,7,18,0,74,21,44,62,5
535,2015,10,390,1,4,5,1,1,0,5,0,6,248,12,50,15,5
536,2015,1,412,10,8,9,1,2,0,9,0,0,216,37,33,50,5
537,2015,33,432,14,4,5,1,1,1,14,16,0,45,8,44,62,5
538,2015,2,432,0,12,13,1,1,0,0,27,0,217,21,26,14,5
539,2015,10,454,1,6,7,1,1,0,1,37,0,228,12,50,16,5
540,2015,1,476,10,12,13,1,1,0,13,0,9,133,37,33,50,5
541,2015,24,500,7,13,7,0,1,0,7,20,0,220,47,22,15,5
542,2015,8,500,0,8,0,0,1,0,0,97,0,33,24,26,14,5
543,2015,10,521,1,12,13,1,1,0,13,0,10,252,12,33,50,5
544,2015,7,536,14,8,9,1,1,0,14,20,0,243,33,22,15,5
545,2015,21,112,5,1,5,0,1,0,5,13,0,173,10,3,33,5
546,2015,2,574,13,9,10,1,0,0,7,0,0,38,21,26,41,5
547,2015,8,557,0,4,5,1,1,0,0,2,0,47,24,45,62,5
548,2015,10,8,9,1,1,1,1,0,1,0,9,163,12,44,50,5
549,2015,24,8,7,9,10,1,1,0,7,8,0,23,47,22,16,5
550,2015,2,25,5,12,13,1,1,0,13,0,7,153,21,26,41,5
551,2015,14,25,14,0,0,1,1,0,14,22,0,45,34,3,29,5
552,2015,7,41,7,8,7,0,1,0,7,23,0,121,33,44,62,5
553,2015,24,41,10,1,1,1,1,0,10,14,0,18,2,22,15,5
554,2015,8,59,0,12,0,0,1,0,0,24,0,217,24,16,28,5
555,2015,21,59,5,13,14,1,1,0,5,35,0,248,10,3,33,5
556,2015,24,75,1,6,1,0,1,0,7,0,5,74,47,22,15,5
557,2015,2,93,13,8,9,1,1,0,13,138,0,38,21,44,62,5
558,2015,24,112,14,9,10,1,1,0,14,7,0,59,2,26,14,5
559,2015,8,132,0,6,0,0,1,0,7,0,6,71,24,17,16,5
560,2015,21,153,9,4,9,0,1,0,5,0,1,15,10,3,20,5
561,2015,29,153,14,1,14,0,1,0,14,6,0,134,40,58,50,5
562,2015,24,175,13,6,13,0,1,0,13,39,0,10,47,26,14,5
563,2015,8,175,0,9,0,0,1,0,0,12,0,186,24,33,16,5
564,2015,14,197,14,8,14,0,1,0,14,5,0,45,34,3,20,5
565,2015,29,218,0,1,0,0,1,0,1,0,6,263,40,44,62,5
566,2015,7,240,9,12,13,1,1,0,9,22,0,20,33,26,14,5
567,2015,24,263,7,4,5,1,1,0,7,5,0,71,47,44,62,5
568,2015,14,284,14,12,14,0,1,1,13,0,6,250,34,3,20,5
569,2015,7,307,9,0,9,0,1,0,0,0,7,167,33,18,14,5
570,2015,24,307,10,4,10,0,1,0,10,9,0,227,2,45,46,5
571,2015,2,330,1,12,13,1,0,0,7,0,0,38,21,22,29,5
572,2015,14,330,14,6,14,0,1,0,7,0,9,140,34,17,28,5
573,2015,24,378,7,0,7,0,1,0,7,25,0,102,47,22,46,5
574,2015,28,400,13,9,13,0,1,0,13,71,0,10,25,3,14,5
575,2015,31,443,13,0,0,1,1,0,0,0,3,4,18,3,15,5
576,2015,21,487,7,0,0,1,1,0,7,41,0,189,10,22,46,5
577,2016,24,142,7,11,7,0,1,0,12,0,9,18,47,22,16,5
578,2016,21,162,1,4,5,1,1,0,5,0,9,15,10,49,14,5
579,2016,7,186,9,2,2,1,1,0,2,0,5,16,32,3,62,5
580,2016,2,207,13,13,14,1,1,0,13,45,0,10,21,22,63,5
581,2016,21,229,5,6,7,1,1,0,7,0,6,189,10,39,50,5
582,2016,30,251,12,2,12,0,1,0,2,0,7,16,38,58,16,5
583,2016,10,273,9,1,1,1,1,0,1,0,8,3,12,49,14,5
584,2016,14,296,14,4,14,0,1,0,5,0,8,63,34,3,16,5
585,2016,24,296,7,2,2,1,1,0,2,0,3,16,47,22,63,5
586,2016,7,319,12,8,12,0,1,0,9,0,6,131,32,49,14,5
587,2016,2,319,13,1,1,1,1,0,1,0,7,178,21,58,1,5
588,2016,14,343,7,13,14,1,1,0,14,0,7,45,34,22,63,5
589,2016,7,365,9,4,5,1,1,0,5,0,6,194,32,49,14,5
590,2016,24,391,13,6,7,1,1,0,7,0,6,189,47,3,16,5
591,2016,30,413,2,13,14,1,1,0,14,0,10,28,38,28,20,5
592,2016,28,433,13,11,12,1,1,0,13,13,0,10,25,17,63,5
593,2016,10,455,1,6,7,1,1,0,1,10,0,230,12,49,14,5
594,2016,14,455,9,13,14,1,1,0,14,0,5,161,34,3,16,5
595,2016,30,477,13,2,13,0,1,0,2,0,6,250,38,28,11,5
596,2016,28,477,12,4,5,1,1,0,5,0,2,212,25,17,1,5
597,2016,7,501,7,8,9,1,1,0,7,25,0,170,32,39,45,5
598,2016,14,522,14,11,12,1,1,1,12,34,0,9,34,6,16,5
599,2016,10,537,2,1,1,1,1,0,2,1,0,39,12,33,50,5
600,2016,24,558,5,6,7,1,1,0,7,0,6,189,47,39,45,5
601,2016,28,575,12,2,2,1,1,0,2,0,3,55,25,17,11,5
602,2016,10,593,1,4,5,1,1,0,1,27,0,42,12,31,33,5
603,2016,14,593,14,12,13,1,1,0,14,15,0,45,34,3,20,5
604,2016,30,9,9,2,2,1,1,0,9,23,0,20,38,13,63,5
605,2016,28,9,12,6,7,1,1,0,7,0,8,189,25,6,45,5
606,2016,2,26,13,4,5,1,1,0,5,0,5,15,21,33,50,5
607,2016,30,42,2,1,1,1,1,0,1,0,8,192,38,17,11,5
608,2016,21,60,5,8,9,1,1,0,5,7,0,15,10,3,20,5
609,2016,10,76,1,11,12,1,1,0,12,0,7,18,12,16,45,5
610,2016,14,94,2,13,14,1,1,0,14,0,5,28,34,33,50,5
611,2016,2,113,12,12,13,1,1,0,13,0,7,250,21,17,11,5
612,2016,7,113,9,1,1,1,1,0,9,9,0,147,32,22,16,5
613,2016,33,133,14,6,7,1,1,0,14,85,0,4,8,49,14,5
614,2016,21,133,5,2,2,1,1,0,2,0,5,166,10,33,45,5
615,2016,7,154,13,8,9,1,1,0,13,1,0,227,32,3,20,5
616,2016,33,176,14,11,14,0,1,0,14,4,0,7,8,17,63,5
617,2016,2,198,13,6,7,1,1,0,7,0,6,105,21,6,14,5
618,2016,14,219,14,1,1,1,1,0,1,0,7,39,34,28,33,5
619,2016,33,241,7,8,7,0,1,0,9,0,7,147,8,22,16,5
620,2016,2,264,13,2,2,1,1,0,13,144,0,10,21,6,63,5
621,2016,21,264,12,4,12,0,1,1,5,0,8,258,10,1,11,5
622,2016,7,285,9,13,9,0,1,0,14,0,7,72,32,31,33,5
623,2016,33,285,7,1,1,1,1,0,7,80,0,105,8,39,16,5
624,2016,21,308,5,12,13,1,1,0,13,0,9,250,10,17,1,5
625,2016,33,331,1,11,12,1,1,1,12,19,0,9,8,39,14,5
626,2016,2,353,13,8,9,1,1,1,13,82,0,250,21,31,33,5
627,2016,18,379,5,2,2,1,1,0,2,0,6,55,14,3,16,5
628,2016,29,401,14,1,1,1,1,0,1,0,6,107,40,1,11,5
629,2016,33,422,9,11,9,0,1,0,12,0,4,150,8,22,39,5
630,2016,18,422,7,2,2,1,1,0,2,0,6,217,14,3,16,5
631,2016,21,444,5,13,14,1,1,0,5,22,0,258,10,31,33,5
632,2016,29,444,1,12,13,1,1,0,13,0,6,250,40,1,11,5
633,2016,2,488,2,12,13,1,1,0,13,0,4,10,21,3,20,5
634,2016,10,509,14,4,5,1,1,0,14,22,0,134,12,33,14,5
635,2016,10,546,2,13,14,1,1,0,14,0,4,45,12,33,16,5
636,2016,2,581,14,12,14,0,1,0,14,8,0,34,21,22,11,5
7894,2018,24,101,7,0,0,1,1,0,0,0,1,47,47,19,2,2
7895,2018,23,124,1,8,9,1,1,0,9,0,6,108,32,46,26,16
7896,2018,21,124,13,4,5,1,1,0,5,0,4,224,10,16,3,19
7897,2018,14,144,10,13,14,1,1,0,14,0,9,204,34,38,64,17
7898,2018,8,164,5,0,0,1,1,0,0,0,5,231,24,8,17,0
7899,2018,16,188,10,1,1,1,1,1,10,10,0,230,39,27,47,16
7900,2018,14,209,7,13,14,1,1,0,14,0,1,197,34,40,38,22
7901,2018,3,231,9,12,13,1,1,0,13,0,4,248,21,49,3,5
7902,2018,24,253,7,1,1,1,1,0,1,0,7,94,47,27,39,18
7903,2018,21,253,5,13,14,1,1,0,14,0,5,30,10,2,8,7
7904,2018,3,275,10,12,13,1,1,0,10,19,0,230,21,16,50,1
7905,2018,23,275,9,0,0,1,1,0,9,4,0,38,32,59,40,15
7906,2018,21,298,5,1,1,1,1,0,5,71,0,162,10,8,2,7
7907,2018,24,321,7,12,13,1,1,0,7,46,0,189,47,46,39,9
7908,2018,16,345,10,4,5,1,1,0,5,0,7,162,39,49,3,5
7909,2018,23,367,9,13,9,0,1,0,9,15,0,38,32,38,8,22
7910,2018,28,393,0,9,10,1,1,0,0,64,0,227,25,39,26,18
7911,2018,21,415,5,8,9,1,1,1,9,0,9,108,10,16,3,19
7912,2018,3,415,1,12,13,1,1,0,13,0,6,10,21,19,40,0
7913,2018,14,435,0,13,14,1,1,0,0,4,0,23,34,8,64,15
7914,2018,16,435,7,9,7,0,1,0,10,0,3,82,39,46,26,16
7915,2018,10,457,9,1,1,1,1,0,9,4,0,21,12,40,2,7
7916,2018,24,479,14,6,7,1,1,0,14,31,0,197,47,16,50,1
7917,2018,3,502,13,0,0,1,1,0,0,0,5,150,21,38,65,2
7918,2018,14,524,14,8,9,1,1,0,14,13,0,21,34,40,67,18
7919,2018,10,539,1,4,5,1,1,0,1,55,0,228,12,16,50,0
7920,2018,28,560,0,6,7,1,1,0,7,0,8,189,25,19,39,3
7921,2018,16,577,14,9,14,0,1,0,14,11,0,112,39,15,2,19
7922,2018,3,577,13,4,5,1,1,0,5,0,6,37,21,38,8,23
7923,2018,28,595,0,1,1,1,1,0,0,13,0,227,25,16,9,17
7924,2018,3,11,13,6,7,1,1,0,13,14,0,244,21,35,39,24
7925,2018,10,28,1,9,10,1,1,1,1,4,0,192,12,40,65,4
7926,2018,21,44,0,4,5,1,1,0,5,0,6,224,10,32,3,2
7927,2018,15,62,9,6,7,1,1,0,7,0,6,22,16,49,9,5
7928,2018,28,78,13,0,0,1,1,0,0,0,6,186,25,39,67,13
7929,2018,14,78,1,13,1,0,1,0,14,0,7,197,34,15,40,23
7930,2018,24,96,7,4,5,1,1,0,7,13,0,71,47,32,3,2
7931,2018,15,96,10,8,9,1,1,0,9,0,6,129,16,16,50,3
7932,2018,14,115,14,12,13,1,1,0,14,5,0,112,34,15,65,17
7933,2018,16,135,10,8,10,0,1,0,10,15,0,87,39,35,39,24
7934,2018,21,156,7,4,5,1,1,0,7,102,0,81,10,8,26,12
7935,2018,10,178,1,13,1,0,1,0,14,0,9,204,12,16,9,19
7936,2018,16,200,0,9,0,0,1,0,10,0,4,87,39,35,67,16
7937,2018,15,221,5,8,9,1,1,0,5,31,0,224,16,40,65,4
7938,2018,10,221,1,12,13,1,1,0,13,0,5,10,12,32,8,9
7939,2018,28,243,14,0,0,1,1,0,0,0,8,23,25,35,67,3
7940,2018,24,243,7,9,10,1,1,0,10,0,7,87,47,39,50,5
7941,2018,15,266,9,12,13,1,1,0,13,0,10,248,16,15,65,17
7942,2018,21,286,10,4,5,1,1,0,5,0,6,115,10,32,8,22
7943,2018,24,310,7,8,9,1,1,0,7,3,0,93,47,35,39,24
7944,2018,3,333,13,13,14,1,1,0,13,14,0,10,21,49,9,5
7945,2018,10,354,1,0,0,1,1,0,1,34,0,73,12,32,64,17
7946,2018,16,381,10,12,10,0,1,0,10,30,0,206,39,15,65,5
7947,2018,14,381,14,4,14,0,1,0,5,0,5,37,34,8,50,3
7948,2018,10,402,1,6,1,0,1,0,1,11,0,3,12,32,40,22
7949,2018,28,402,9,0,0,1,1,0,0,0,5,118,25,39,67,13
7950,2018,24,445,14,0,0,1,1,0,0,0,2,61,47,35,14,19
7951,2018,21,464,5,9,10,1,1,0,5,25,0,15,10,39,8,12
7952,2018,21,510,14,4,5,1,1,0,14,14,0,197,10,39,32,2
7953,2018,24,547,14,0,0,1,1,0,0,0,8,227,47,35,50,16
11137,2019,8,447,13,0,0,1,1,0,0,0,7,74,22,15,9,16
11138,2019,21,467,14,4,5,1,1,0,5,0,6,15,10,19,8,22
11139,2019,24,467,1,6,7,1,1,0,1,37,0,192,47,49,67,17
11140,2019,16,492,9,9,10,1,1,0,9,14,0,38,39,16,30,4
11141,2019,10,513,1,0,1,0,1,0,0,0,6,227,13,35,39,3
11142,2019,21,529,5,8,9,1,1,0,5,28,0,15,10,8,64,7
11143,2019,3,549,7,12,13,1,1,0,7,6,0,93,23,49,40,24
11144,2019,14,567,10,13,10,0,1,0,14,0,5,197,36,15,14,10
11145,2019,23,585,7,8,9,1,1,0,9,0,8,132,17,59,17,2
11146,2019,10,585,5,1,1,1,2,0,1,0,0,169,13,9,39,13
11147,2019,14,601,14,12,13,1,1,0,14,118,0,83,36,49,30,5
11148,2019,8,601,0,9,10,1,1,0,0,8,0,150,22,40,67,4
11149,2019,23,1,9,1,1,1,1,0,9,14,0,203,17,8,17,22
11150,2019,16,17,13,9,10,1,1,0,10,0,7,206,39,35,9,16
11151,2019,24,33,7,0,0,1,1,0,7,37,0,71,47,15,47,24
11152,2019,10,50,1,13,14,1,1,0,14,0,5,83,13,16,30,19
11153,2019,3,68,13,4,5,1,1,0,5,0,5,15,23,8,17,17
11309,2019,8,85,0,8,0,0,1,0,0,22,0,74,22,31,47,5
11310,2019,14,85,7,13,14,1,1,0,7,40,0,1,36,9,39,13
11311,2019,3,102,13,1,1,1,1,0,1,0,4,101,23,49,67,17
11312,2019,16,102,10,4,5,1,1,0,5,0,8,69,39,19,8,4
11313,2019,23,125,14,8,9,1,1,0,9,0,6,108,17,35,9,16
11314,2019,8,145,5,0,0,1,1,0,0,0,7,51,22,46,14,21
11315,2019,24,165,9,6,7,1,1,0,7,0,3,102,47,61,50,17
11316,2019,16,189,10,0,0,1,1,0,0,0,4,150,39,15,61,7
11317,2019,21,210,5,1,1,1,1,0,1,0,7,204,10,61,40,18
11318,2019,24,232,7,9,10,1,1,0,10,0,4,87,47,39,37,13
11319,2019,23,232,9,12,13,1,1,0,13,0,8,10,17,49,61,15
11320,2019,21,254,5,0,0,1,1,0,0,0,5,79,10,46,40,24
11321,2019,14,254,1,13,14,1,1,0,1,39,0,100,36,8,13,7
11322,2019,24,276,13,6,7,1,1,0,7,0,5,220,47,35,39,14
11323,2019,23,299,9,9,10,1,1,0,9,12,0,180,17,8,64,19
11324,2019,14,322,0,13,0,0,1,0,14,0,6,45,36,24,61,5
11325,2019,10,346,7,1,7,0,1,0,7,40,0,71,13,38,13,2
11326,2019,21,368,13,4,5,1,1,0,13,10,0,250,10,24,39,3
11327,2019,16,394,7,9,10,1,1,0,10,0,5,225,39,49,67,17
11328,2019,10,394,9,1,1,1,1,0,1,0,5,228,13,57,14,4
11329,2019,14,416,5,13,14,1,1,0,14,0,9,99,36,39,38,8
11330,2019,3,416,13,0,0,1,1,0,13,1,0,170,23,59,47,2
11331,2019,16,436,10,1,1,1,1,0,1,0,6,192,39,49,37,24
11332,2019,8,458,14,0,0,1,1,0,0,0,6,227,22,38,8,22
11333,2019,3,480,13,8,9,1,1,0,13,17,0,10,23,15,14,18
11334,2019,21,503,5,9,10,1,1,0,10,0,3,252,10,24,9,16
11335,2019,8,525,7,0,0,1,1,0,7,46,0,189,22,38,8,22
11336,2019,16,540,14,9,10,1,1,0,10,0,7,89,39,61,36,20
11337,2019,10,561,1,12,1,0,1,0,1,16,0,204,13,15,31,5
11338,2019,21,561,5,6,7,1,1,0,5,34,0,15,10,24,39,3
11339,2019,14,578,14,8,9,1,1,0,14,45,0,45,36,49,40,14
11340,2019,3,596,13,9,10,1,0,0,7,0,0,38,23,38,61,2
11341,2019,8,12,0,1,1,1,1,0,0,80,0,150,22,9,39,8
11342,2019,24,29,7,13,7,0,2,0,7,0,0,93,47,49,40,14
11343,2019,23,45,9,4,5,1,1,0,5,0,7,205,17,15,14,11
11344,2019,10,63,10,1,10,0,1,0,1,0,5,3,13,24,9,16
11345,2019,3,63,14,12,13,1,1,0,13,0,4,207,23,38,8,21
11346,2019,23,79,0,8,9,1,1,0,9,0,6,108,17,31,14,4
11347,2019,24,79,5,6,7,1,1,0,7,0,9,71,47,37,40,19
11412,2019,8,116,0,6,0,0,1,0,7,0,6,22,22,38,39,8
11413,2019,33,136,14,1,1,1,1,0,1,0,2,192,0,22,50,5
11414,2019,33,179,1,0,0,1,1,0,0,0,6,61,0,56,13,6
11415,2019,14,222,7,0,7,0,1,0,7,1,0,93,36,39,23,15
11416,2022,1,550,3,5,3,0,1,0,3,5,0,75,27,39,16,5
11417,2022,24,86,3,1,1,1,1,0,3,14,0,157,47,8,31,5
11418,2022,28,190,3,13,14,1,1,0,3,0,7,195,5,25,63,5
11419,2022,24,255,3,9,10,1,1,0,3,37,0,75,2,19,39,5
11420,2022,1,323,3,0,0,0,1,0,3,0,3,57,27,49,25,5
11421,2022,21,459,3,4,3,0,1,0,3,8,0,157,10,39,68,5
11422,2022,1,541,3,6,7,1,1,0,3,5,0,239,27,17,8,5
11423,2022,26,597,3,12,13,1,1,0,3,0,6,195,5,59,66,5
11424,2022,28,46,3,8,9,0,1,0,3,0,8,197,26,15,59,5
11425,2022,1,180,3,5,6,1,1,0,3,62,0,239,27,39,16,5
11426,2022,8,287,3,0,3,1,1,0,3,0,7,257,20,8,31,5
11427,2022,1,382,3,12,13,1,1,0,13,0,8,253,27,25,63,5
11428,2022,21,489,3,9,10,1,1,0,3,0,7,57,10,19,39,5
11429,2022,1,582,3,9,10,1,1,0,3,0,7,75,27,17,39,5
11430,2023,1,603,3,0,3,1,1,0,3,0,5,197,27,19,50,5
11431,2023,10,52,3,1,1,1,1,0,3,0,6,232,12,56,25,5
11432,2023,1,146,3,4,3,0,1,0,5,0,3,198,27,39,68,5
11433,2023,23,233,3,8,9,1,1,0,3,0,6,239,17,8,31,5
11434,2023,1,301,3,9,10,0,1,0,10,0,3,236,27,59,66,5
11435,2023,22,437,3,5,6,1,1,0,3,7,0,159,11,15,59,5
11436,2023,1,504,3,6,7,1,1,0,3,55,0,24,27,17,39,5
11437,2023,21,580,3,4,5,1,1,0,5,0,7,242,10,39,68,5
11438,2023,1,30,3,1,1,1,1,0,3,5,0,157,27,25,63,5
11439,2023,16,80,3,9,3,0,1,0,10,0,9,247,39,19,50,5
11440,2023,1,117,3,5,3,1,1,0,3,56,0,159,27,8,31,5
11441,2023,1,288,3,13,3,1,1,0,3,34,0,239,27,59,66,5
11442,2023,8,465,3,0,0,0,1,0,0,15,0,199,20,39,16,5
11443,2023,1,583,3,0,0,0,1,0,0,0,5,58,27,39,31,5
11444,2024,1,468,3,6,7,1,1,0,3,6,0,239,27,59,66,5
11445,2024,8,514,3,0,0,0,1,0,0,63,0,237,20,8,31,5
11446,2024,1,604,3,13,14,1,1,0,3,0,7,159,27,39,16,5
11447,2024,22,105,3,5,6,1,1,0,6,33,0,260,11,15,59,5
11448,2024,16,168,3,9,10,1,1,0,10,0,3,98,39,19,50,5
11449,2024,1,324,3,1,1,1,1,0,1,0,6,160,27,25,63,5
11450,2022,24,602,6,0,0,0,1,0,6,0,6,60,2,8,31,5
11451,2022,26,51,6,13,14,1,1,0,6,12,0,26,5,25,63,5
11452,2022,10,103,6,1,1,1,1,0,6,6,0,179,12,19,39,5
11453,2022,24,166,6,9,10,1,1,0,10,0,3,262,47,49,25,5
11454,2022,24,300,6,6,7,1,1,0,6,18,0,108,2,39,68,5
11455,2022,26,369,6,12,13,0,1,0,13,18,0,62,5,17,8,5
11456,2022,24,481,6,8,9,1,1,0,6,20,0,114,47,59,66,5
11457,2022,28,579,6,8,6,0,1,0,6,20,0,179,26,15,59,5
11458,2022,28,180,6,9,6,1,1,0,10,0,6,247,26,8,31,5
11459,2022,24,287,6,12,13,1,1,0,6,14,0,108,2,25,63,5
11460,2022,21,355,6,4,5,0,1,0,6,2,0,179,10,19,39,5
11461,2022,21,511,6,12,13,0,1,0,13,14,0,196,10,49,25,5
11462,2023,22,2,6,1,1,1,1,0,6,50,0,116,11,8,31,5
11463,2023,8,34,6,0,0,0,1,0,0,12,0,156,20,39,16,5
11464,2023,22,104,6,13,14,1,1,0,6,0,5,114,11,25,63,5
11465,2023,3,167,6,12,13,1,1,0,6,1,0,165,4,19,39,5
11466,2023,22,277,6,8,9,1,1,0,6,0,2,240,11,49,25,5
11467,2023,16,370,6,9,10,0,1,0,6,10,0,26,39,39,68,5
11468,2023,22,562,6,8,6,0,1,0,9,0,7,124,11,59,66,5
11469,2023,22,13,6,12,13,1,1,0,6,18,0,108,11,15,59,5
11470,2023,14,244,6,13,14,1,1,0,6,0,7,177,35,8,31,5
11471,2023,22,311,6,6,7,1,1,0,6,5,0,154,11,25,63,5
11472,2023,21,403,6,4,5,1,1,0,6,1,0,165,10,19,39,5
11473,2023,8,490,6,6,7,0,1,0,7,81,0,25,20,49,25,5
11474,2024,22,468,6,9,10,1,1,0,10,20,0,234,11,39,16,5
11475,2024,3,18,6,12,13,1,1,0,6,28,0,155,4,8,31,5
11476,2024,10,211,6,1,1,1,1,0,1,0,6,97,12,19,39,5
11477,2024,21,256,6,4,5,1,1,0,5,0,8,176,10,49,25,5
11478,2024,22,371,6,0,0,0,1,0,6,0,8,108,11,59,66,5
